Business Name,Industry Category,Business Description,Location,Google Maps Profile Link,OpenStreetMap Link,Website URL,Website Classification,Website Status Code,HTTPS Used,Contact Page Found,Services Page Found,Website Analysis Reason,Online Presence Type,Referral Platform Links,Phone Number,Email Address,Owner / Founder Name,LinkedIn Profile,Lead Score,Business Potential Category,Reason for Classification,Detailed Score Reason,Source,Scrape Status,Created Date
Centre For Sight,clinic,Clinic listed on OpenStreetMap,"Block no. 124 Section AB, Scheme No. 54, Vijay Nagar, Indore","https://www.google.com/maps/search/?api=1&query=22.7559436,75.8928915",https://www.openstreetmap.org/node/6187452264,,Poor Website,,,,,,No Strong Online Presence Found,,07314001400,,,,65,High,Business has an online presence but lacks a strong modern digital platform.,Website exists but digital quality is weak; Business has weak online visibility; Phone number is available for outreach; Email address not available,OpenStreetMap,Completed,2026-06-27
Dr. Vrinda Vashistha,clinic,Clinic listed on OpenStreetMap,"2-BB, Slice No.-5, Scheme No.-78, Vijay Nagar, 25, E.B, Lower Basement,, Indore","https://www.google.com/maps/search/?api=1&query=22.7535808,75.9048226",https://www.openstreetmap.org/node/6187436057,,Poor Website,,,,,,No Strong Online Presence Found,,07312572225;9993700419,,,,65,High,Business has an online presence but lacks a strong modern digital platform.,Website exists but digital quality is weak; Business has weak online visibility; Phone number is available for outreach; Email address not available,OpenStreetMap,Completed,2026-06-27
Well Care Pharmacy,pharmacy,Pharmacy listed on OpenStreetMap,"EB 303, Scheme No 94, Bombay Hospital Square, Indore","https://www.google.com/maps/search/?api=1&query=22.7538924,75.9052598",https://www.openstreetmap.org/node/6187441510,,Poor Website,,,,,,No Strong Online Presence Found,,9893149485,,,,65,High,Business has an online presence but lacks a strong modern digital platform.,Website exists but digital quality is weak; Business has weak online visibility; Phone number is available for outreach; Email address not available,OpenStreetMap,Completed,2026-06-27
Rashmi Dental Clinic,dentist,Dentist listed on OpenStreetMap,"GH-28, Scheme No. 54, Vijay Nagar, Indore","https://www.google.com/maps/search/?api=1&query=22.7555596,75.8881661",https://www.openstreetmap.org/node/6187438667,,Poor Website,,,,,,No Strong Online Presence Found,,9827240756,,,,65,High,Business has an online presence but lacks a strong modern digital platform.,Website exists but digital quality is weak; Business has weak online visibility; Phone number is available for outreach; Email address not available,OpenStreetMap,Completed,2026-06-27
Dr. A. R. pawar,clinic,Clinic listed on OpenStreetMap,"AD 335, scheme 74c,vijay nagar, indore","https://www.google.com/maps/search/?api=1&query=22.7583644,75.8959364",https://www.openstreetmap.org/node/6187446196,,Poor Website,,,,,,No Strong Online Presence Found,,9425715707,,,,65,High,Business has an online presence but lacks a strong modern digital platform.,Website exists but digital quality is weak; Business has weak online visibility; Phone number is available for outreach; Email address not available,OpenStreetMap,Completed,2026-06-27
Cardicare Clinic,doctors,Doctors listed on OpenStreetMap,"11 - Oriental Complex, Scheme No. 54, Vijay Nagar, Indore","https://www.google.com/maps/search/?api=1&query=22.7563170,75.8933555",https://www.openstreetmap.org/node/6187452262,,Poor Website,,,,,,No Strong Online Presence Found,,07312551606,,,,65,High,Business has an online presence but lacks a strong modern digital platform.,Website exists but digital quality is weak; Business has weak online visibility; Phone number is available for outreach; Email address not available,OpenStreetMap,Completed,2026-06-27
Dr. Virendra Meher,doctors,Doctors listed on OpenStreetMap,"102, sukh sagar apartment,scheme no. 54,vijay nagar, indore","https://www.google.com/maps/search/?api=1&query=22.7572310,75.8926809",https://www.openstreetmap.org/node/6187441513,,Poor Website,,,,,,No Strong Online Presence Found,,9826788333,,,,65,High,Business has an online presence but lacks a strong modern digital platform.,Website exists but digital quality is weak; Business has weak online visibility; Phone number is available for outreach; Email address not available,OpenStreetMap,Completed,2026-06-27
Mahendra Dental Clinic,dentist,Dentist listed on OpenStreetMap,"Opp. Golden gate near dairy king ,pooja sweets,scheme no. 54 vijay nagar, indore","https://www.google.com/maps/search/?api=1&query=22.7562472,75.8925237",https://www.openstreetmap.org/node/6187441514,,Poor Website,,,,,,No Strong Online Presence Found,,9826291309,,,,65,High,Business has an online presence but lacks a strong modern digital platform.,Website exists but digital quality is weak; Business has weak online visibility; Phone number is available for outreach; Email address not available,OpenStreetMap,Completed,2026-06-27
Aapka Medicose,pharmacy,Pharmacy listed on OpenStreetMap,"LG-2, Royal Platinum Building,Scheme Number 54, Vijay Nagar, Indore","https://www.google.com/maps/search/?api=1&query=22.7536516,75.9022214",https://www.openstreetmap.org/node/6187551956,,Poor Website,,,,,,No Strong Online Presence Found,,07314085000,,,,65,High,Business has an online presence but lacks a strong modern digital platform.,Website exists but digital quality is weak; Business has weak online visibility; Phone number is available for outreach; Email address not available,OpenStreetMap,Completed,2026-06-27
New Clinic,clinic,Clinic listed on OpenStreetMap,"15, sch no 78,Nayi Sadak, Indore","https://www.google.com/maps/search/?api=1&query=22.7673885,75.8930037",https://www.openstreetmap.org/node/6187556919,,Poor Website,,,,,,No Strong Online Presence Found,,9301566288,,,,65,High,Business has an online presence but lacks a strong modern digital platform.,Website exists but digital quality is weak; Business has weak online visibility; Phone number is available for outreach; Email address not available,OpenStreetMap,Completed,2026-06-27
Banadas Homeopathic Clinic,hospital,Hospital listed on OpenStreetMap,"GH-166, Scheme No. 54, Vijay Nagar, Indore","https://www.google.com/maps/search/?api=1&query=22.7533421,75.8878805",https://www.openstreetmap.org/node/6187541494,,Poor Website,,,,,,No Strong Online Presence Found,,"07312557898, 9425313269",,,,65,High,Business has an online presence but lacks a strong modern digital platform.,Website exists but digital quality is weak; Business has weak online visibility; Phone number is available for outreach; Email address not available,OpenStreetMap,Completed,2026-06-27
Sukriti Clinic,clinic,Clinic listed on OpenStreetMap,"CH-3, Scheme no. 74,near Prestige College,Vijay nagar, Indore","https://www.google.com/maps/search/?api=1&query=22.7605212,75.8863664",https://www.openstreetmap.org/node/6187539851,,Poor Website,,,,,,No Strong Online Presence Found,,9926663943,,,,65,High,Business has an online presence but lacks a strong modern digital platform.,Website exists but digital quality is weak; Business has weak online visibility; Phone number is available for outreach; Email address not available,OpenStreetMap,Completed,2026-06-27
Amit Vyas Clinic,clinic,Clinic listed on OpenStreetMap,"67, Part 2,scheme no. 78,Opposite Prestige College, Indore, 452001","https://www.google.com/maps/search/?api=1&query=22.7616045,75.8861035",https://www.openstreetmap.org/node/6187530516,,Poor Website,,,,,,No Strong Online Presence Found,,8602080940,,,,65,High,Business has an online presence but lacks a strong modern digital platform.,Website exists but digital quality is weak; Business has weak online visibility; Phone number is available for outreach; Email address not available,OpenStreetMap,Completed,2026-06-27
Medicare Homeo Centre,clinic,Clinic listed on OpenStreetMap,"55, Sch 78,Nayi sadak","https://www.google.com/maps/search/?api=1&query=22.7680407,75.8932391",https://www.openstreetmap.org/node/6187530756,,Poor Website,,,,,,No Strong Online Presence Found,,8866261870,,,,65,High,Business has an online presence but lacks a strong modern digital platform.,Website exists but digital quality is weak; Business has weak online visibility; Phone number is available for outreach; Email address not available,OpenStreetMap,Completed,2026-06-27
Smile Maker Dental Clinic,dentist,Dentist listed on OpenStreetMap,"g-1,BG-202, scheme 74c,vijay nagar, indore","https://www.google.com/maps/search/?api=1&query=22.7571481,75.8925830",https://www.openstreetmap.org/node/6187461335,,Poor Website,,,,,,No Strong Online Presence Found,,"07312559608,9827529603",,,,65,High,Business has an online presence but lacks a strong modern digital platform.,Website exists but digital quality is weak; Business has weak online visibility; Phone number is available for outreach; Email address not available,OpenStreetMap,Completed,2026-06-27
Navin Diagno Lab,laboratory,Laboratory listed on OpenStreetMap,"Lg 04, shekher palace 123,scheme 54 ,vijay nagar, indore","https://www.google.com/maps/search/?api=1&query=22.7559708,75.8927547",https://www.openstreetmap.org/node/6187461334,,Poor Website,,,,,,No Strong Online Presence Found,,8989463919,,,,65,High,Business has an online presence but lacks a strong modern digital platform.,Website exists but digital quality is weak; Business has weak online visibility; Phone number is available for outreach; Email address not available,OpenStreetMap,Completed,2026-06-27
Dr. Anand Singh Raje,clinic,Clinic listed on OpenStreetMap,"258, Scheme no. 78 Part 2, Vijay nagar, Indore","https://www.google.com/maps/search/?api=1&query=22.7639937,75.8883284",https://www.openstreetmap.org/node/6187459222,,Poor Website,,,,,,No Strong Online Presence Found,,9424504874,,,,65,High,Business has an online presence but lacks a strong modern digital platform.,Website exists but digital quality is weak; Business has weak online visibility; Phone number is available for outreach; Email address not available,OpenStreetMap,Completed,2026-06-27
Total Drug Centre,pharmacy,Pharmacy listed on OpenStreetMap,"EC 16, Scheme Number 94,Ring Road,Near Bombay Hospital Square, Indore","https://www.google.com/maps/search/?api=1&query=22.7531535,75.9043543",https://www.openstreetmap.org/node/6187457348,,Poor Website,,,,,,No Strong Online Presence Found,,0731-2578737,,,,65,High,Business has an online presence but lacks a strong modern digital platform.,Website exists but digital quality is weak; Business has weak online visibility; Phone number is available for outreach; Email address not available,OpenStreetMap,Completed,2026-06-27
Divine And Healthy Smiles- Dr Tarun And Pushpa Verma,dentist,Dentist listed on OpenStreetMap,"FH-228, Scheme No. 54, Vijay Nagar, Indore","https://www.google.com/maps/search/?api=1&query=22.7547569,75.8861303",https://www.openstreetmap.org/node/6187453386,,Poor Website,,,,,,No Strong Online Presence Found,,9179190852,,,,65,High,Business has an online presence but lacks a strong modern digital platform.,Website exists but digital quality is weak; Business has weak online visibility; Phone number is available for outreach; Email address not available,OpenStreetMap,Completed,2026-06-27
Advance Dental Care Clinic,dentist,Dentist listed on OpenStreetMap,"G-3, Ankur Palace, Scheme No. 54, Vijay Nagar, Indore","https://www.google.com/maps/search/?api=1&query=22.7557253,75.8939315",https://www.openstreetmap.org/node/6187452265,,Poor Website,,,,,,No Strong Online Presence Found,,07314093468,,,,65,High,Business has an online presence but lacks a strong modern digital platform.,Website exists but digital quality is weak; Business has weak online visibility; Phone number is available for outreach; Email address not available,OpenStreetMap,Completed,2026-06-27
Dr. Akanksha Asthana's Care Physio,clinic,Clinic listed on OpenStreetMap,"5EF, Scheme No. 54, Vijay Nagar, Indore","https://www.google.com/maps/search/?api=1&query=22.7576224,75.8831665",https://www.openstreetmap.org/node/6187557059,,Poor Website,,,,,,No Strong Online Presence Found,,7000747304,,,,65,High,Business has an online presence but lacks a strong modern digital platform.,Website exists but digital quality is weak; Business has weak online visibility; Phone number is available for outreach; Email address not available,OpenStreetMap,Completed,2026-06-27
डॉक्टर सुमित सिन्हा,doctors,Doctors listed on OpenStreetMap,Indore,"https://www.google.com/maps/search/?api=1&query=22.7532432,75.8879167",https://www.openstreetmap.org/node/6187579843,,Poor Website,,,,,,Referral Platform Only,https://www.instagram.com/reel/DTSZkj0FpFN/?hl=en | https://www.instagram.com/reel/DXD2mpmEV6a/ | https://www.instagram.com/reel/DV77IVljk1n/,6262924365,,,,65,High,Business has an online presence but lacks a strong modern digital platform.,Website exists but digital quality is weak; Business depends mainly on referral/listing platforms; Phone number is available for outreach; Email address not available; Business appears on third-party platforms,OpenStreetMap,Completed,2026-06-27
Lifecraft Healthcare Pvt Ltd,pharmacy,Pharmacy listed on OpenStreetMap,"PU 4, Scheme no 54, Vijaynagar Square, Indore","https://www.google.com/maps/search/?api=1&query=22.7487836,75.8959781",https://www.openstreetmap.org/node/6190269243,,Poor Website,,,,,,No Strong Online Presence Found,,07314747000,,,,65,High,Business has an online presence but lacks a strong modern digital platform.,Website exists but digital quality is weak; Business has weak online visibility; Phone number is available for outreach; Email address not available,OpenStreetMap,Completed,2026-06-27
Girivar Clinic,clinic,Clinic listed on OpenStreetMap,"Om Gurudev Complex, Scheme No. 54, Vijay Nagar, Indore","https://www.google.com/maps/search/?api=1&query=22.7573641,75.8841570",https://www.openstreetmap.org/node/6188104190,,Poor Website,,,,,,No Strong Online Presence Found,,9144107695,,,,65,High,Business has an online presence but lacks a strong modern digital platform.,Website exists but digital quality is weak; Business has weak online visibility; Phone number is available for outreach; Email address not available,OpenStreetMap,Completed,2026-06-27
Navodaya Medicose,pharmacy,Pharmacy listed on OpenStreetMap,"19, Suman Nagar, Indore","https://www.google.com/maps/search/?api=1&query=22.7532428,75.8998828",https://www.openstreetmap.org/node/6187540870,https://www.mappls.com/98ggp0,Poor Website,,,,,,Official Website Found,https://www.medindia.net/directories/hospitals/madhya-pradesh/indore/index.htm | https://www.justdial.com/Indore/Ayurvedic-Medical-Shops/nct-10029927,"07314986227 ,7772866882",navodayamedicose@gmail.com,,,60,High,Business has an online presence but lacks a strong modern digital platform.,Website exists but digital quality is weak; Official website presence found; Phone number is available for outreach; Email address is available; Business appears on third-party platforms,OpenStreetMap,Completed,2026-06-27
Kanak Hospital,hospital,Hospital listed on OpenStreetMap,Indore,"https://www.google.com/maps/search/?api=1&query=22.7650473,75.8871227",https://www.openstreetmap.org/node/6187557408,https://bharatbz.com/madhya/kanak-hospital-research-center-1462719,Poor Website,,,,,,Official Website Found,https://www.justdial.com/Indore/Kanak-Hospital-Near-Doshi-Honda-Service-Center-Near-Vijay-Nagar-Square-Vijay-Nagar/0731PX731-X731-160319065302-Z6Q8_BZDET | https://www.justdial.com/Indore/Kanak-Orthopaedic-Hospital-Scheme-78/0731PX731-X731-230323011919-T1N1_BZDET | https://www.lybrate.com/indore/clinic/dr-kundan-kushwah-clinic,9425056412,kanakorthopaedicshospital@gmail.com,,,60,High,Business has an online presence but lacks a strong modern digital platform.,Website exists but digital quality is weak; Official website presence found; Phone number is available for outreach; Email address is available; Business appears on third-party platforms,OpenStreetMap,Completed,2026-06-27
Ankita parihar dental clinic,dentist,Dentist listed on OpenStreetMap,Indore,"https://www.google.com/maps/search/?api=1&query=22.7674167,75.8965802",https://www.openstreetmap.org/node/6187556922,https://teeth.in/dentists/indore/,Poor Website,,,,,,Official Website Found,https://www.justdial.com/Indore/Dr-Ankita-Parihar-Dental-Clinic-Vijay-Nagar/0731PX731-X731-150803170509-P6L2_BZDET | https://www.justdial.com/Indore/Clinics/nct-10101647 | https://www.justdial.com/Indore/Dr-Anita-V-Dubey-Mahalaxmi-Nagar/0731PX731-X731-180904092007-Z8B8_BZDET,9111851111,parihar_anki@yahoo.co.in,,,60,High,Business has an online presence but lacks a strong modern digital platform.,Website exists but digital quality is weak; Official website presence found; Phone number is available for outreach; Email address is available; Business appears on third-party platforms,OpenStreetMap,Completed,2026-06-27
Dr. Lal Path Labs,laboratory,Laboratory listed on OpenStreetMap,Indore,"https://www.google.com/maps/search/?api=1&query=22.7569453,75.8989153",https://www.openstreetmap.org/node/6187434778,https://www.lalpathlabs.com/,Poor Website,,,,,,Official Website,,9993399884,customer.care@lalpathlabs.com,,https://www.linkedin.com/company/dr-lal-pathlabs/,55,Medium,Business has some public contact information and moderate opportunity for digital improvement.,Website exists but digital quality is weak; Official website presence found; Phone number is available for outreach; Email address is available,OpenStreetMap,Completed,2026-06-27
Yoga Amrutam,hospital,Hospital listed on OpenStreetMap,"C-173, vasant vihar colony, Indore","https://www.google.com/maps/search/?api=1&query=22.7579241,75.9020955",https://www.openstreetmap.org/node/6187427616,https://yogaamrutam.com/,Poor Website,,,,,,Official Website,,9826099886,yoga@yogaamrutam.com,,,55,Medium,Business has some public contact information and moderate opportunity for digital improvement.,Website exists but digital quality is weak; Official website presence found; Phone number is available for outreach; Email address is available,OpenStreetMap,Completed,2026-06-27
Family Dental Clinic,dentist,Dentist listed on OpenStreetMap,Indore,"https://www.google.com/maps/search/?api=1&query=22.7581237,75.9020240",https://www.openstreetmap.org/node/6187425277,https://familydentalcareindore.com/,Poor Website,,,,,,Official Website,,9752650505,misterneo@gmail.com,,,55,Medium,Business has some public contact information and moderate opportunity for digital improvement.,Website exists but digital quality is weak; Official website presence found; Phone number is available for outreach; Email address is available,OpenStreetMap,Completed,2026-06-27
Gehm Clinic and Research Centre,clinic,Clinic listed on OpenStreetMap,"Lahiya Colony;Main Road, Indore","https://www.google.com/maps/search/?api=1&query=22.7643869,75.8770746",https://www.openstreetmap.org/node/6187441512,www.gehmclinicresearchcentre.com,Poor Website,,,,,,Official Website,,+918893703600,sadguruhclinic@gmail.com,,,55,Medium,Business has some public contact information and moderate opportunity for digital improvement.,Website exists but digital quality is weak; Official website presence found; Phone number is available for outreach; Email address is available,OpenStreetMap,Completed,2026-06-27
AKAMI Ayurveda,hospital,Hospital listed on OpenStreetMap,"C-30/31, basant vihar, indore","https://www.google.com/maps/search/?api=1&query=22.7575457,75.9025743",https://www.openstreetmap.org/node/6187463099,http://akamiayurveda.org/patient_admission/,Poor Website,,,,,,Official Website Found,,07312557155,akamiindore@gmail.com,,,55,Medium,Business has some public contact information and moderate opportunity for digital improvement.,Website exists but digital quality is weak; Official website presence found; Phone number is available for outreach; Email address is available,OpenStreetMap,Completed,2026-06-27
कैंसर केअर सेंटर,clinic,Clinic listed on OpenStreetMap,"F-F 05, Scheme No. 54, Vijay Nagar, Indore","https://www.google.com/maps/search/?api=1&query=22.7569843,75.8860928",https://www.openstreetmap.org/node/6189270336,http://www.cancerhealer.in,Poor Website,,,,,,Official Website,,7314293343,info@cancerhealercenter.in,,,55,Medium,Business has some public contact information and moderate opportunity for digital improvement.,Website exists but digital quality is weak; Official website presence found; Phone number is available for outreach; Email address is available,OpenStreetMap,Completed,2026-06-27
Arshid shah,pharmacy,Pharmacy listed on OpenStreetMap,"Dhar road, 452001","https://www.google.com/maps/search/?api=1&query=22.7096242,75.8270791",https://www.openstreetmap.org/node/4522507595,https://www.latlong.net/poi/arshid-shah-411182,Poor Website,,,,,,Official Website Found,,8103012446,shah.arshid05@rediffmail.com,,,55,Medium,Business has some public contact information and moderate opportunity for digital improvement.,Website exists but digital quality is weak; Official website presence found; Phone number is available for outreach; Email address is available,OpenStreetMap,Completed,2026-06-27
S. Kumar Homeopathic,pharmacy,Pharmacy listed on OpenStreetMap,"EB 303, Scheme No 94, Bombay Hospital Square, Indore","https://www.google.com/maps/search/?api=1&query=22.7538664,75.9052572",https://www.openstreetmap.org/node/6187441511,https://nhpr.abdm.gov.in/nhpr/v4,Poor Website,,,,,,Official Website Found,https://www.medindia.net/directories/hospitals/dr-s-kumar-holistic-scientific-homeopathic-clinic-indore-madhya-pradesh-28803.htm | https://www.justdial.com/Indore/Dr-Saurabh-Kumar-dr-S-Kumars-Holistic-Scientific-Homeopathic-Clinic-Near-Bombay-Hospital-Square-Tilak-Nagar-Indore/0731PX731-X731-150810194412-M9N6_BZDET | https://www.facebook.com/KumarsHomeopathy/,9826008788,,,,50,Medium,Business has some public contact information and moderate opportunity for digital improvement.,Website exists but digital quality is weak; Official website presence found; Phone number is available for outreach; Email address not available; Business appears on third-party platforms,OpenStreetMap,Completed,2026-06-27
डॉक्टर सचिन सोनी,doctors,Doctors listed on OpenStreetMap,Indore,"https://www.google.com/maps/search/?api=1&query=22.7550797,75.8882385",https://www.openstreetmap.org/node/6187450387,https://www.hexahealth.com/indore/hospital/choithram-hospital-indore,Poor Website,,,,,,Official Website Found,https://www.practo.com/indore | https://www.instagram.com/reel/DNVN-KRSK79/,9111109988,,,,50,Medium,Business has some public contact information and moderate opportunity for digital improvement.,Website exists but digital quality is weak; Official website presence found; Phone number is available for outreach; Email address not available; Business appears on third-party platforms,OpenStreetMap,Completed,2026-06-27
Dr. Anil Jain,clinic,Clinic listed on OpenStreetMap,"C-2, New Anjani Nagar, Bhamori, Indore","https://www.google.com/maps/search/?api=1&query=22.7458028,75.8864186",https://www.openstreetmap.org/node/6188028581,https://www.latlong.net/poi/dr-anil-jain-396381,Poor Website,,,,,,Official Website Found,https://www.medindia.net/directories/doctors/dr-anil-jain-orthopedics-indore-madhya-pradesh-82319.htm | https://www.justdial.com/Indore/Dr-Anil-Jain-Bafna-Opposite-Vaishnav-High-School-North-Rajmohalla/0731PX731-X731-220430231418-E8S4_BZDET,9425075662,,,,50,Medium,Business has some public contact information and moderate opportunity for digital improvement.,Website exists but digital quality is weak; Official website presence found; Phone number is available for outreach; Email address not available; Business appears on third-party platforms,OpenStreetMap,Completed,2026-06-27
डॉ. प्रीती शर्मा,doctors,Doctors listed on OpenStreetMap,Indore,"https://www.google.com/maps/search/?api=1&query=22.7502750,75.9008677",https://www.openstreetmap.org/node/6187570805,https://www.hexahealth.com/indore/hospital/choithram-hospital-indore,Poor Website,,,,,,Official Website Found,https://www.justdial.com/Indore/Hospitals/nct-10253670,8982376220,,,,50,Medium,Business has some public contact information and moderate opportunity for digital improvement.,Website exists but digital quality is weak; Official website presence found; Phone number is available for outreach; Email address not available; Business appears on third-party platforms,OpenStreetMap,Completed,2026-06-27
Bhawna Medical,pharmacy,Pharmacy listed on OpenStreetMap,"123/1, Anjani Nagar, Bhamori, Indore","https://www.google.com/maps/search/?api=1&query=22.7461825,75.8870436",https://www.openstreetmap.org/node/6190339162,https://bhv.co.in/,Poor Website,,,,,,Official Website Found,https://www.practo.com/,9826436949,,,,50,Medium,Business has some public contact information and moderate opportunity for digital improvement.,Website exists but digital quality is weak; Official website presence found; Phone number is available for outreach; Email address not available; Business appears on third-party platforms,OpenStreetMap,Completed,2026-06-27
Gagan Medical,pharmacy,Pharmacy listed on OpenStreetMap,"A-6/1, New Anjani Nagar, Bhamori, Indore","https://www.google.com/maps/search/?api=1&query=22.7459580,75.8865914",https://www.openstreetmap.org/node/6190347200,https://www.ask4healthcare.com/healthcaresolutions/DesktopModules/SearchCommon/HospitalSearchBySpecialization.aspx?city=Indore,Poor Website,,,,,,Official Website Found,https://www.justdial.com/Indore/Anjani-Hospital-Anjani-Nagar/0731P731STD70238_BZDET | https://www.medindia.net/directories/hospitals/ganga-clinic-indore-madhya-pradesh-21343.htm | https://www.google.com/,97539 50222,,,,50,Medium,Business has some public contact information and moderate opportunity for digital improvement.,Website exists but digital quality is weak; Official website presence found; Phone number is available for outreach; Email address not available; Business appears on third-party platforms,OpenStreetMap,Completed,2026-06-27
Dr. Mutha,doctors,Doctors listed on OpenStreetMap,Gita Bhavan intersection,"https://www.google.com/maps/search/?api=1&query=22.7185930,75.8855881",https://www.openstreetmap.org/node/4310485189,https://gitabhawanhospital.org/,Poor Website,,,,,,Official Website Found,https://www.justdial.com/Indore/Dr-Mutha-Sudarshan-Clinic-Geeta-Bhawan/0731P731STD1520844_BZDET | https://www.justdial.com/Nashik/Dr-B-K-Mutha-Dr-Mutha-Hospital-Behind-I-T-I-Gautam-Nagar-Midc-Satpur-Colony-Satpur/0253PX253-X253-140324194309-G1R3_BZDET | https://www.justdial.com/Nashik/Dr-Mutha-Hospital-Behind-Iti-Near-Pf-Office-Satpur-Midc-Area-Satpur/0253P253STD7000162_BZDET,+9198-26-150111,,Gita Bhawan Trust Gopaldas Mittal,,50,Medium,Business has some public contact information and moderate opportunity for digital improvement.,Website exists but digital quality is weak; Official website presence found; Phone number is available for outreach; Email address not available; Business appears on third-party platforms,OpenStreetMap,Completed,2026-06-27
डॉक्टर बांझल मधुमेह एवं हार्मोन रोग विशेषज्ञ,doctors,Doctors listed on OpenStreetMap,Indore,"https://www.google.com/maps/search/?api=1&query=22.7538943,75.8858829",https://www.openstreetmap.org/node/6187461842,https://www.shalby.org/,Poor Website,,,,,,Official Website Found,https://en.wikipedia.org/wiki/Wikipedia:Vital_articles/List_of_all_articles | https://www.justdial.com/Indore/Dermatologists-for-Skin-Tags-And-Mole-Removal-in-Coastal-Skin-Clinic-Bhawar-Kuan/nct-10156786-att-der2050,"07312551111 , 9303219422",info@shalby.org,,https://in.linkedin.com/company/shalby-hospitals,50,Medium,Business has some public contact information and moderate opportunity for digital improvement.,Website exists but digital quality is weak; Official website presence found; Phone number is available for outreach; Email address not available; Business appears on third-party platforms,OpenStreetMap,Completed,2026-06-27
डॉक्टर विजय चोरड़िया,doctors,Micro Surgery Specialist,Indore,"https://www.google.com/maps/search/?api=1&query=22.7537144,75.8857595",https://www.openstreetmap.org/node/6187534239,https://www.hexahealth.com/indore/hospital/choithram-hospital-indore,Poor Website,,,,,,Official Website Found,https://www.justdial.com/Indore/Dr-Vijay-Nichani-Eureka-Hospital-Research-Centre-Pvt-Ltd-Saket-Nagar/0731PX731-X731-170127221544-Y3H2_BZDET/clinic-locations | https://www.justdial.com/Indore/Choithram-Hospital-Near-Rajeev-Gandhi-Road-Manik-Bagh-Road-Indore/0731PX731-X731-191126075022-B2W2_BZDET,"07312550044 , 9301550045",,,,50,Medium,Business has some public contact information and moderate opportunity for digital improvement.,Website exists but digital quality is weak; Official website presence found; Phone number is available for outreach; Email address not available; Business appears on third-party platforms,OpenStreetMap,Completed,2026-06-27
डॉ सीमा गुप्ता,doctors,Doctors listed on OpenStreetMap,Indore,"https://www.google.com/maps/search/?api=1&query=22.7573302,75.8843211",https://www.openstreetmap.org/node/6188104191,https://hospital.sriaurobindouniversity.edu.in/,Poor Website,,,,,,Official Website Found,https://www.justdial.com/Indore/Hospitals/nct-10253670,9826776168,,,,50,Medium,Business has some public contact information and moderate opportunity for digital improvement.,Website exists but digital quality is weak; Official website presence found; Phone number is available for outreach; Email address not available; Business appears on third-party platforms,OpenStreetMap,Completed,2026-06-27
Sanvi Dental Clinic,dentist,Dentist listed on OpenStreetMap,Indore,"https://www.google.com/maps/search/?api=1&query=22.7639220,75.8886771",https://www.openstreetmap.org/node/6187565605,https://dentistinsider.in/dental-clinics-in-indore-mp,Poor Website,,,,,,Official Website Found,https://www.justdial.com/Indore/SANVI-HEALTH-CARE-Sindhu-Nagar/0731PX731-X731-240104203032-K6X5_BZDET | https://mapcarta.com/N6187565605 | https://www.medindia.net/directories/hospitals/dental-clinic-indore-madhya-pradesh-8426.htm,9827651658,,,,50,Medium,Business has some public contact information and moderate opportunity for digital improvement.,Website exists but digital quality is weak; Official website presence found; Phone number is available for outreach; Email address not available; Business appears on third-party platforms,OpenStreetMap,Completed,2026-06-27
डॉक्टर अरविंद कींगर,doctors,Doctors listed on OpenStreetMap,Indore,"https://www.google.com/maps/search/?api=1&query=22.7532110,75.8879408",https://www.openstreetmap.org/node/6187591828,https://choithramhospital.com/,Poor Website,,,,,,Official Website Found,https://www.justdial.com/Indore/Dr-Arvind-Kinger-Dr-Arvind-Kingers-Ent-Clinic-Behind-ICICI-Bank-Atm-Opposite-Meghdooth-Garden-Vijay-Nagar/0731PX731-X731-230713144853-D7D8_BZDET,9039801465,info@choithram.org,,https://www.linkedin.com/in/choithram-hospital-and-research-centre-894164141/,50,Medium,Business has some public contact information and moderate opportunity for digital improvement.,Website exists but digital quality is weak; Official website presence found; Phone number is available for outreach; Email address not available; Business appears on third-party platforms,OpenStreetMap,Completed,2026-06-27
Shiva Netralaya-Dr Sharad Agrawal,clinic,Clinic listed on OpenStreetMap,"Scheme No. 54, Vijay Nagar, Indore","https://www.google.com/maps/search/?api=1&query=22.7531133,75.8878027",https://www.openstreetmap.org/node/6187460196,https://www.latlong.net/poi/shiva-netralaya-dr-sharad-agrawal-396353,Poor Website,,,,,,Official Website Found,https://www.justdial.com/Indore/Dr-Sharad-AgrawalShiva-Netryalay-Opposite-Meghdoot-Garden-Scheme-No-54-Vijay-Nagar/0731PX731-X731-170420104708-E2L7_BZDET/reviews,"07312550873, 9826066698",,,,50,Medium,Business has some public contact information and moderate opportunity for digital improvement.,Website exists but digital quality is weak; Official website presence found; Phone number is available for outreach; Email address not available; Business appears on third-party platforms,OpenStreetMap,Completed,2026-06-27
Ethereal Skin and Laser Clinique,laboratory,Laboratory listed on OpenStreetMap,Indore,"https://www.google.com/maps/search/?api=1&query=22.7578314,75.9036431",https://www.openstreetmap.org/node/6187463487,https://www.latlong.net/poi/ethereal-skin-and-laser-clinique-396355,Poor Website,,,,,,Official Website Found,https://www.justdial.com/Indore/Skin-Clinics/nct-10438800 | https://www.practo.com/indore/clinics/skin-clinics | https://www.justdial.com/Indore/Cosmetic-Laser-Surgeons/nct-10139619,07312550202,,,,50,Medium,Business has some public contact information and moderate opportunity for digital improvement.,Website exists but digital quality is weak; Official website presence found; Phone number is available for outreach; Email address not available; Business appears on third-party platforms,OpenStreetMap,Completed,2026-06-27
Ayurveda Amratam,hospital,Hospital listed on OpenStreetMap,"C-46, basant vihar, indore","https://www.google.com/maps/search/?api=1&query=22.7571686,75.9026775",https://www.openstreetmap.org/node/6187463098,https://www.exportersindia.com/amratam-health-care-pvt-ltd/contact.htm,Poor Website,,,,,,Official Website Found,https://mapcarta.com/N6187463098 | https://www.justdial.com/Indore/Amratam-Health-Care-Pvt-Ltd-Near-By-Dmart-Chhota-Bangarda/0731PX731-X731-231028132600-D6T1_BZDET | https://www.indiamart.com/amratam-healthcare/profile.html,9893924049,,,,50,Medium,Business has some public contact information and moderate opportunity for digital improvement.,Website exists but digital quality is weak; Official website presence found; Phone number is available for outreach; Email address not available; Business appears on third-party platforms,OpenStreetMap,Completed,2026-06-27
Dr.R.S Rathore,clinic,Clinic listed on OpenStreetMap,"159, anurag nagar, indore","https://www.google.com/maps/search/?api=1&query=22.7622104,75.9038423",https://www.openstreetmap.org/node/6187463100,https://dr-r-s-rathore.weebly.com/contact-us.html,Poor Website,,,,,,Official Website Found,https://www.lybrate.com/indore/doctor/dr-r-s-rathore-family-practitioner | https://www.lybrate.com/indore/clinic/rathore-clinic-nipania | https://www.justdial.com/Indore/Dr-Abhishek-Rathore-Super-Speciality-Hospital-Vijay-Nagar/0731PX731-X731-250825211256-G3M3_BZDET,07312577612,,,,50,Medium,Business has some public contact information and moderate opportunity for digital improvement.,Website exists but digital quality is weak; Official website presence found; Phone number is available for outreach; Email address not available; Business appears on third-party platforms,OpenStreetMap,Completed,2026-06-27
Dr. Hemlata Kulkarni,dentist,Dentist listed on OpenStreetMap,Indore,"https://www.google.com/maps/search/?api=1&query=22.7575482,75.8848214",https://www.openstreetmap.org/node/6189270339,https://www.shalby.org/,Poor Website,,,,,,Official Website Found,https://en.wikipedia.org/wiki/Wikipedia:Vital_articles/List_of_all_articles,9977416975,info@shalby.org,,https://in.linkedin.com/company/shalby-hospitals,50,Medium,Business has some public contact information and moderate opportunity for digital improvement.,Website exists but digital quality is weak; Official website presence found; Phone number is available for outreach; Email address not available; Business appears on third-party platforms,OpenStreetMap,Completed,2026-06-27
श्री नेत्रालय- डॉ आर एस पलोड़,doctors,Doctors listed on OpenStreetMap,Indore,"https://www.google.com/maps/search/?api=1&query=22.7537391,75.8857548",https://www.openstreetmap.org/node/6187453385,https://www.shalby.org/,Poor Website,,,,,,Official Website Found,https://en.wikipedia.org/wiki/Wikipedia:Vital_articles/List_of_all_articles,9479459973,info@shalby.org,,https://in.linkedin.com/company/shalby-hospitals,50,Medium,Business has some public contact information and moderate opportunity for digital improvement.,Website exists but digital quality is weak; Official website presence found; Phone number is available for outreach; Email address not available; Business appears on third-party platforms,OpenStreetMap,Completed,2026-06-27
Suhan Pathology,laboratory,Laboratory listed on OpenStreetMap,Indore,"https://www.google.com/maps/search/?api=1&query=22.7538689,75.9053564",https://www.openstreetmap.org/node/6187434747,https://indore.idbf.in/pathology-labs,Poor Website,,,,,,Official Website Found,https://www.justdial.com/Indore/Suhan-Pathology-Opp-Jain-Mithhai-Uttam-Bhog-Mahalaxmi-Nagar/0731PX731-X731-190107153430-H5A3_BZDET/photos | https://www.justdial.com/Indore/Suhan-Pathology-Opposite-Jain-Mithhai-Uttam-Bhog-Mahalaxmi-Nagar/0731PX731-X731-190107153430-H5A3_BZDET,7869916166,,,,50,Medium,Business has some public contact information and moderate opportunity for digital improvement.,Website exists but digital quality is weak; Official website presence found; Phone number is available for outreach; Email address not available; Business appears on third-party platforms,OpenStreetMap,Completed,2026-06-27
Care Ayurveda Clinic,hospital,Hospital listed on OpenStreetMap,"FH-449, Scheme no.54, Vijay Nagar, Indore","https://www.google.com/maps/search/?api=1&query=22.7537292,75.8877182",https://www.openstreetmap.org/node/6187439584,https://yellowpages.webindia123.com/d-py/madhya-pradesh/indore/panchakarma-centers-1575/1/,Poor Website,,,,,,Official Website Found,https://mapcarta.com/N6187574785,9827089853,,,,50,Medium,Business has some public contact information and moderate opportunity for digital improvement.,Website exists but digital quality is weak; Official website presence found; Phone number is available for outreach; Email address not available; Business appears on third-party platforms,OpenStreetMap,Completed,2026-06-27
Shri Ram Medical Store,pharmacy,Pharmacy listed on OpenStreetMap,"101, Ganga Devi Nagar, Vijyanagar, Indore","https://www.google.com/maps/search/?api=1&query=22.7506670,75.9001100",https://www.openstreetmap.org/node/6187444637,https://www.shrirammedicals.com/,Poor Website,,,,,,Official Website Found,https://www.justdial.com/Indore/Shri-Ram-Medical-Store-Vijay-Nagar/0731PX731-X731-211001183027-V8X6_BZDET | https://sites.google.com/view/shrirammedicalstore-com/home | https://www.indiamart.com/shree-ram-medical-agencies-indore/,8878967887,ramnivaskushwaha9517@gmail.com,Neighborhood Medical,,50,Medium,Business has some public contact information and moderate opportunity for digital improvement.,Website exists but digital quality is weak; Official website presence found; Phone number is available for outreach; Email address not available; Business appears on third-party platforms,OpenStreetMap,Completed,2026-06-27
Sheanil Clinic,clinic,Clinic listed on OpenStreetMap,"5 - Oriental Complex, Scheme No. 54, Vijay Nagar, Indore","https://www.google.com/maps/search/?api=1&query=22.7562669,75.8936003",https://www.openstreetmap.org/node/6187452263,https://www.skedoc.com/indore/hospital/snahil-clinic-vijay-nagar,Poor Website,,,,,,Official Website Found,https://www.practo.com/Indore/clinic/snehil-clinic-vijay-nagar | https://www.medindia.net/directories/hospitals/madhya-pradesh/indore/index.htm | https://mapcarta.com/N6187452262,07312550365,contact@skedoc.com,,https://www.linkedin.com/company/skedoc,50,Medium,Business has some public contact information and moderate opportunity for digital improvement.,Website exists but digital quality is weak; Official website presence found; Phone number is available for outreach; Email address not available; Business appears on third-party platforms,OpenStreetMap,Completed,2026-06-27
Aura Wellness Center,pharmacy,Pharmacy listed on OpenStreetMap,"1 st Floor, Bhamori Plaza, Badi Bhamori, Part II, Nanda Nagar, Indore","https://www.google.com/maps/search/?api=1&query=22.7471855,75.8883532",https://www.openstreetmap.org/node/6190301140,"/clev?event=StartpageResultClick&sc=5mZRtno4HWSVQDgsK5v1axVr60916C7kyT6C7tVVbC9oMZdtLK7OAhpJfgZMus12fWkeXNOHvjiy1&payload={""bdsSessionId"":""530e49be832f45cfb403c46066dbd3e5"",""cheqId"":"""",""countryCode"":""US"",""deviceType"":""desktop"",""endpoint"":""search.serp"",""hasGoogleAds"":true,""page_id"":""kQkN2i6v0mlSCsNR"",""queryCategory"":""web"",""segment"":""startpage.udog"",""session_id"":""1hHTRGUd3A9dJGHB0"",""surface"":""serp-web"",""transport"":""href-request""}",Poor Website,,,,,,Official Website Found,,099779 39122,,,,45,Medium,Business has some public contact information and moderate opportunity for digital improvement.,Website exists but digital quality is weak; Official website presence found; Phone number is available for outreach; Email address not available,OpenStreetMap,Completed,2026-06-27
Poly Clinic,clinic,Clinic listed on OpenStreetMap,"50, 60,D, Scheme Number 78, Nayi Sadak, Indore","https://www.google.com/maps/search/?api=1&query=22.7681290,75.8950782",https://www.openstreetmap.org/node/6187556921,https://npiprofile.com/npi/1598811069,Poor Website,,,,,,Official Website Found,,8602225444,,,,45,Medium,Business has some public contact information and moderate opportunity for digital improvement.,Website exists but digital quality is weak; Official website presence found; Phone number is available for outreach; Email address not available,OpenStreetMap,Completed,2026-06-27
Ashadeep Hospital,hospital,Hospital listed on OpenStreetMap,"40-41/2 D/D SCHEME NO. 78 VIJAY NAGAR INDORE, 452010","https://www.google.com/maps/search/?api=1&query=22.7637651,75.8914441",https://www.openstreetmap.org/node/6187463592,https://www.latlong.net/poi/ashadeep-hospital-365272,Poor Website,,,,,,Official Website Found,,07314002654,,,,45,Medium,Business has some public contact information and moderate opportunity for digital improvement.,Website exists but digital quality is weak; Official website presence found; Phone number is available for outreach; Email address not available,OpenStreetMap,Completed,2026-06-27
Ethereal Skin and Laser Clinique,clinic,Clinic listed on OpenStreetMap,"109-C, Vasant Vihar, Indore","https://www.google.com/maps/search/?api=1&query=22.7577894,75.9035814",https://www.openstreetmap.org/node/6187463493,"/clev?event=StartpageResultClick&sc=1tzfoDyGcH0IeyjPKECnAnS18zwK3xQuy56rrdfRwnmSr8FBI2jgUP3pV7BV55z5why8eMy9R2bsbVaB&payload={""bdsSessionId"":""99c765c4f31e4c35a03cd0c61efee4a9"",""cheqId"":"""",""countryCode"":""US"",""deviceType"":""mobile"",""endpoint"":""search.serp"",""hasGoogleAds"":false,""page_id"":""1d0GLN5csGIqBduBO"",""queryCategory"":""web"",""segment"":""startpage.udog"",""session_id"":""18vNKnRAzzi2RXdy3"",""surface"":""serp-web"",""transport"":""href-request""}",Poor Website,,,,,,Official Website Found,,07312550202,,,,45,Medium,Business has some public contact information and moderate opportunity for digital improvement.,Website exists but digital quality is weak; Official website presence found; Phone number is available for outreach; Email address not available,OpenStreetMap,Completed,2026-06-27
Ethereal Skin and Laser Clinique,pharmacy,Pharmacy listed on OpenStreetMap,"109-C, Vasant Vihar, Indore","https://www.google.com/maps/search/?api=1&query=22.7578302,75.9036082",https://www.openstreetmap.org/node/6187463485,"/clev?event=StartpageResultClick&sc=5mZRtno4I16aNu4UKpOIWz8qzoCwduli6s38YRjWIMyUdCAcnxVaYC3VVa2ugqaCTPdMfJoXJ9j2d&payload={""bdsSessionId"":""520d76cef36549e8876573f8525464db"",""cheqId"":"""",""countryCode"":""US"",""deviceType"":""desktop"",""endpoint"":""search.serp"",""hasGoogleAds"":true,""page_id"":""TBbpQgGs5diRUMAq"",""queryCategory"":""web"",""segment"":""startpage.udog"",""session_id"":""1gBJSibSIwf0hpB0Z"",""surface"":""serp-web"",""transport"":""href-request""}",Poor Website,,,,,,Official Website Found,,07312550202,,,,45,Medium,Business has some public contact information and moderate opportunity for digital improvement.,Website exists but digital quality is weak; Official website presence found; Phone number is available for outreach; Email address not available,OpenStreetMap,Completed,2026-06-27
Heart and Diabetes Care Center,clinic,Clinic listed on OpenStreetMap,"Kushabhau Thakre Marg, Sheetal Nagar,Scheme No. 54, Indore","https://www.google.com/maps/search/?api=1&query=22.7534658,75.9021176",https://www.openstreetmap.org/node/6187444638,https://streets.openalfa.in/streets/badal-chand-mehta-road-mahalakshmi-nagar-indore-tahsil,Poor Website,,,,,,Official Website Found,,9755722233,,,,45,Medium,Business has some public contact information and moderate opportunity for digital improvement.,Website exists but digital quality is weak; Official website presence found; Phone number is available for outreach; Email address not available,OpenStreetMap,Completed,2026-06-27
Sanjivani Ayurveda Medical,pharmacy,Pharmacy listed on OpenStreetMap,"EC 10, Bombay Hospital Sqaure, Indore","https://www.google.com/maps/search/?api=1&query=22.7529191,75.9050024",https://www.openstreetmap.org/node/6187436059,https://www.latlong.net/poi/sanjivani-ayurveda-medical-411183,Poor Website,,,,,,Official Website Found,,9039137640,,,,45,Medium,Business has some public contact information and moderate opportunity for digital improvement.,Website exists but digital quality is weak; Official website presence found; Phone number is available for outreach; Email address not available,OpenStreetMap,Completed,2026-06-27
दांत एवं ऑर्थोडेंटिक चिकित्सा केंद्र - डॉ राकेश ठकराल,dentist,Dentist listed on OpenStreetMap,Indore,"https://www.google.com/maps/search/?api=1&query=22.7559120,75.8872703",https://www.openstreetmap.org/node/6187438668,https://teeth.in/dentists/indore/,Poor Website,,,,,,Official Website Found,,9425058561,,,,45,Medium,Business has some public contact information and moderate opportunity for digital improvement.,Website exists but digital quality is weak; Official website presence found; Phone number is available for outreach; Email address not available,OpenStreetMap,Completed,2026-06-27
Dr. Pankaj Chauhan Physician,clinic,Clinic listed on OpenStreetMap,"Shivani nagar, Kabeet Khedi Road, Indore","https://www.google.com/maps/search/?api=1&query=22.7671372,75.8787543",https://www.openstreetmap.org/node/6187442715,"/clev?event=StartpageResultClick&sc=maXqNizpmhUAXqfQ79P8MS1bBkmQzCTmfdccfystHhGtd4HeWtTVTBGmZE5ThqkFIwD8xPwIBv80Tr&payload={""bdsSessionId"":""fd4f63f7e93e463eb27bef42542434e1"",""cheqId"":"""",""countryCode"":""US"",""deviceType"":""desktop"",""endpoint"":""search.serp"",""hasGoogleAds"":true,""page_id"":""1uk9VWijavDcubLf3"",""queryCategory"":""web"",""segment"":""startpage.udog"",""session_id"":""QaNTmfjKJHXDBMQJ"",""surface"":""serp-web"",""transport"":""href-request""}",Poor Website,,,,,,Official Website Found,,9827635579,,,,45,Medium,Business has some public contact information and moderate opportunity for digital improvement.,Website exists but digital quality is weak; Official website presence found; Phone number is available for outreach; Email address not available,OpenStreetMap,Completed,2026-06-27
Total Homeopathic Pharmacy and Clinic,clinic,Clinic listed on OpenStreetMap,"scheme number 94,near Bombay Hospital square","https://www.google.com/maps/search/?api=1&query=22.7531467,75.9044143",https://www.openstreetmap.org/node/6187436058,https://www.latlong.net/poi/total-homeopathic-pharmacy-and-clinic-396341,Poor Website,,,,,,Official Website Found,,9926569141,,,,45,Medium,Business has some public contact information and moderate opportunity for digital improvement.,Website exists but digital quality is weak; Official website presence found; Phone number is available for outreach; Email address not available,OpenStreetMap,Completed,2026-06-27
Shri Balaji Healthcare Pharmacy,pharmacy,Pharmacy listed on OpenStreetMap,"186, Sheetali Nagar, Indore","https://www.google.com/maps/search/?api=1&query=22.7501646,75.9009220",https://www.openstreetmap.org/node/6187447526,"/clev?event=StartpageResultClick&sc=maXqNizpm0lYtuzohLopbMZOTP9FQKN2puif0Iao92k2ZV65b1Ml9sg75MKarGt9DO2zPfC7MpsKm1&payload={""bdsSessionId"":""aee5b9a97cbc4d26b6746f94a7bde336"",""cheqId"":"""",""countryCode"":""US"",""deviceType"":""desktop"",""endpoint"":""search.serp"",""hasGoogleAds"":true,""page_id"":""r6C1AxgpMqdEbl00"",""queryCategory"":""web"",""segment"":""startpage.opera"",""session_id"":""2cSTyOJqmm5hW1MZ"",""surface"":""serp-web"",""transport"":""href-request""}",Poor Website,,,,,,Official Website Found,,9009992551,,,,45,Medium,Business has some public contact information and moderate opportunity for digital improvement.,Website exists but digital quality is weak; Official website presence found; Phone number is available for outreach; Email address not available,OpenStreetMap,Completed,2026-06-27
Shubham Dental Clinic,clinic,Clinic listed on OpenStreetMap,"102, Amar Point, Indore","https://www.google.com/maps/search/?api=1&query=22.7531714,75.9045571",https://www.openstreetmap.org/node/6187452261,"/clev?event=StartpageResultClick&sc=maXqNizpmIX7CXf2UPw91VCUpi00nPQZaZxQIlNVQjrBwtxTs2gb1hdyqjR7uvMWU58CQT0shu16fb&payload={""bdsSessionId"":""c588aad9d2fb4dd38cb47b63413754a6"",""cheqId"":"""",""countryCode"":""US"",""deviceType"":""desktop"",""endpoint"":""search.serp"",""hasGoogleAds"":true,""page_id"":""1CAKpafuDO4BplriQ"",""queryCategory"":""web"",""segment"":""startpage.udog"",""session_id"":""VgpbGE9fiWp8d9mx"",""surface"":""serp-web"",""transport"":""href-request""}",Poor Website,,,,,,Official Website Found,,9826927632,,,,45,Medium,Business has some public contact information and moderate opportunity for digital improvement.,Website exists but digital quality is weak; Official website presence found; Phone number is available for outreach; Email address not available,OpenStreetMap,Completed,2026-06-27
Atika Medical,pharmacy,Pharmacy listed on OpenStreetMap,"180, Badi Bhamori Plaza, Indore","https://www.google.com/maps/search/?api=1&query=22.7467123,75.8877179",https://www.openstreetmap.org/node/6190332347,https://providers.chihealth.com/l/chi-health-clinic-heart-institute-mercy-council-bluffs-1585,Poor Website,,,,,,Official Website Found,,8109558525,,,https://www.linkedin.com/company/chi-health,45,Medium,Business has some public contact information and moderate opportunity for digital improvement.,Website exists but digital quality is weak; Official website presence found; Phone number is available for outreach; Email address not available,OpenStreetMap,Completed,2026-06-27
Suyash hospital and Pathology,laboratory,Laboratory listed on OpenStreetMap,"malwa pride,vijay nagar,indore, indore","https://www.google.com/maps/search/?api=1&query=22.7576669,75.8842877",https://www.openstreetmap.org/node/6187914689,"/clev?event=StartpageResultClick&sc=5mZRtno4J6gAyABZA8JO9M3jdVPt6dvGpuuA2OdENa9S3Q5N4gLP2nXyWXYAs6atAk7kNDAmltSz3&payload={""bdsSessionId"":""bf73492cc56a4f7d8be1bf34d4dabc5d"",""cheqId"":"""",""countryCode"":""US"",""deviceType"":""desktop"",""endpoint"":""search.serp"",""hasGoogleAds"":true,""page_id"":""oFV90C5FYHIuZBol"",""queryCategory"":""web"",""segment"":""startpage.udog"",""session_id"":""11lr5wmo5btBX8881"",""surface"":""serp-web"",""transport"":""href-request""}",Poor Website,,,,,,Official Website Found,,9425057527,,,,45,Medium,Business has some public contact information and moderate opportunity for digital improvement.,Website exists but digital quality is weak; Official website presence found; Phone number is available for outreach; Email address not available,OpenStreetMap,Completed,2026-06-27
Care Ayurveda Clinic,hospital,Hospital listed on OpenStreetMap,"FH-449, Scheme no 54, Vijay Nagar, Indore","https://www.google.com/maps/search/?api=1&query=22.7537243,75.8877236",https://www.openstreetmap.org/node/6187574785,https://yellowpages.webindia123.com/d-py/madhya-pradesh/indore/panchakarma-centers-1575/1/,Poor Website,,,,,,Official Website Found,,9827089853,,,,45,Medium,Business has some public contact information and moderate opportunity for digital improvement.,Website exists but digital quality is weak; Official website presence found; Phone number is available for outreach; Email address not available,OpenStreetMap,Completed,2026-06-27
Thyrocare,laboratory,Laboratory listed on OpenStreetMap,"FF 13, opposite apollo hospital,scheme no.54, indore","https://www.google.com/maps/search/?api=1&query=22.7573058,75.8847892",https://www.openstreetmap.org/node/6187914688,www.thryocare.com,Poor Website,,,,,,Official Website,,07314048089,,,,45,Medium,Business has some public contact information and moderate opportunity for digital improvement.,Website exists but digital quality is weak; Official website presence found; Phone number is available for outreach; Email address not available,OpenStreetMap,Completed,2026-06-27
Dr.Renu Dubey(Sharma),clinic,Clinic listed on OpenStreetMap,"EB251, scheme number 94,maharaja chatrasal chouraha","https://www.google.com/maps/search/?api=1&query=22.7536266,75.9048293",https://www.openstreetmap.org/node/6187574518,,Poor Website,,,,,,No Strong Online Presence Found,,,,,,45,Medium,Business has some online presence but limited contact or digital information.,Website exists but digital quality is weak; Business has weak online visibility; Phone number not available; Email address not available,OpenStreetMap,Completed,2026-06-27
डॉक्टर सुधीर छाजेड़ एवं डॉक्टर स्नेहा छाजेड़,doctors,Doctors listed on OpenStreetMap,Indore,"https://www.google.com/maps/search/?api=1&query=22.7554526,75.8883306",https://www.openstreetmap.org/node/6187572567,https://hospital.sriaurobindouniversity.edu.in/,Poor Website,,,,,,Official Website Found,,"07312551437 , 9826040030",,,,45,Medium,Business has some public contact information and moderate opportunity for digital improvement.,Website exists but digital quality is weak; Official website presence found; Phone number is available for outreach; Email address not available,OpenStreetMap,Completed,2026-06-27
Surya Medical Store,pharmacy,Pharmacy listed on OpenStreetMap,"242-A, Sheetal Nagar, Indore","https://www.google.com/maps/search/?api=1&query=22.7504716,75.9005968",https://www.openstreetmap.org/node/6187562530,https://bestcare.org/locations/methodist-physicians-clinic-201-building,Poor Website,,,,,,Official Website Found,,8889509885,,Specific department hours may vary Department,https://www.linkedin.com/company/nebraska-methodist-health-system,45,Medium,Business has some public contact information and moderate opportunity for digital improvement.,Website exists but digital quality is weak; Official website presence found; Phone number is available for outreach; Email address not available,OpenStreetMap,Completed,2026-06-27
Dental Solutions and Implant Clinic- Dr. Amit Nirwan and Himani Nirwan,dentist,Dentist listed on OpenStreetMap,"LG-7, Sayaji Plaza, Opp Bhandari Hospital, Indore","https://www.google.com/maps/search/?api=1&query=22.7518728,75.8891760",https://www.openstreetmap.org/node/6187578004,"/clev?event=StartpageResultClick&sc=1tzfoDyGcGZSiF51ijs6XWdaNOaim2WDoPw8bs3sdMiuErR02fuEiTRnZ4bsru5dF67Up9pAevAe0lNH&payload={""bdsSessionId"":""f230205bcfdf4f8ea35631f517075965"",""cheqId"":"""",""countryCode"":""US"",""deviceType"":""mobile"",""endpoint"":""search.serp"",""hasGoogleAds"":false,""page_id"":""1Aze4OW0AfKNd9Yyr"",""queryCategory"":""web"",""segment"":""startpage.udog"",""session_id"":""l8r3FhBfOM7Ccy76"",""surface"":""serp-web"",""transport"":""href-request""}",Poor Website,,,,,,Official Website Found,,"07314239444 , 9826059888",,,,45,Medium,Business has some public contact information and moderate opportunity for digital improvement.,Website exists but digital quality is weak; Official website presence found; Phone number is available for outreach; Email address not available,OpenStreetMap,Completed,2026-06-27
Padmakshi Medicose,pharmacy,Pharmacy listed on OpenStreetMap,"14, Bhamori Plaza, Indore","https://www.google.com/maps/search/?api=1&query=22.7468947,75.8885956",https://www.openstreetmap.org/node/6190309084,"/clev?event=StartpageResultClick&sc=1tzfoDyGcGYJdg7y8olvnIIE30tBDChM64Fs1b75UStDPxg71PAw0vVl8GKpbGng4GAi5PwV6Pru4Z5P&payload={""bdsSessionId"":""4dff9d2321ed47bfa7ce802eac66b130"",""cheqId"":"""",""countryCode"":""US"",""deviceType"":""desktop"",""endpoint"":""search.serp"",""hasGoogleAds"":true,""page_id"":""1CNqXd4ccj4fkhVyE"",""queryCategory"":""web"",""segment"":""startpage.udog"",""session_id"":""daZJKahYW0nz2sUF"",""surface"":""serp-web"",""transport"":""href-request""}",Poor Website,,,,,,Official Website Found,,7772060474,,,,45,Medium,Business has some public contact information and moderate opportunity for digital improvement.,Website exists but digital quality is weak; Official website presence found; Phone number is available for outreach; Email address not available,OpenStreetMap,Completed,2026-06-27
डॉक्टर एच. लालानी,doctors,Doctors listed on OpenStreetMap,"404 F/H, Scheme no.54, Vijay Nagar, Indore","https://www.google.com/maps/search/?api=1&query=22.7538257,75.8859479",https://www.openstreetmap.org/node/6187459246,"/clev?event=StartpageResultClick&sc=maXqNizptRUXm0dqRs2FNAqqgWjqB7Dc797ZCqbsHHGaaBKwddmzN4iNdhYBf2tCilias8oqXx3iFL&payload={""bdsSessionId"":""ec4f60a30e1543eb838d7cd7a4f6587d"",""cheqId"":"""",""countryCode"":""US"",""deviceType"":""mobile"",""endpoint"":""search.serp"",""hasGoogleAds"":false,""page_id"":""1ldwFbvD85IH4mZDu"",""queryCategory"":""web"",""segment"":""startpage.udog"",""session_id"":""1l6UX9tMbMUIqJxZY"",""surface"":""serp-web"",""transport"":""href-request""}",Poor Website,,,,,,Official Website Found,,9827022202,,,,45,Medium,Business has some public contact information and moderate opportunity for digital improvement.,Website exists but digital quality is weak; Official website presence found; Phone number is available for outreach; Email address not available,OpenStreetMap,Completed,2026-06-27
Dr. H.L.Jain,clinic,Clinic listed on OpenStreetMap,"C-59, Vasant Vihar Colony, Indore","https://www.google.com/maps/search/?api=1&query=22.7573429,75.9031536",https://www.openstreetmap.org/node/6187534828,"/clev?event=StartpageResultClick&sc=maXqNizpr2pX3LpSL3foUYQJCkK0qRmGfkpzoQjFkxg384ZPm3bnJG5ZcDWgWfZ7r2vez2ib7oKq4J&payload={""bdsSessionId"":""1bd0e98cb9e44499b5b45e340348ae4d"",""cheqId"":"""",""countryCode"":""US"",""deviceType"":""desktop"",""endpoint"":""search.serp"",""hasGoogleAds"":true,""page_id"":""1cxmxDV13cC3ViRsV"",""queryCategory"":""web"",""segment"":""startpage.udog"",""session_id"":""1kE7g9lw6ebohKBqY"",""surface"":""serp-web"",""transport"":""href-request""}",Poor Website,,,,,,Official Website Found,,9424819200,,,,45,Medium,Business has some public contact information and moderate opportunity for digital improvement.,Website exists but digital quality is weak; Official website presence found; Phone number is available for outreach; Email address not available,OpenStreetMap,Completed,2026-06-27
Arogyam Homeopathic Clinic- Dr. Rajesh Bhordiya & Dr. Tanuja Bhordiya,hospital,Hospital listed on OpenStreetMap,"UG-9, Royal View, Vijay Nagar, Indore","https://www.google.com/maps/search/?api=1&query=22.7537168,75.8858655",https://www.openstreetmap.org/node/6187545548,"/clev?event=StartpageResultClick&sc=5mZRtno4HaTg7yvnIucdTLWZpDLnFPb6SpBAt5zyOpmkrgmdModNhhYAGIZEwXhIhfEGSqPUyrOYB&payload={""bdsSessionId"":""de34f6a79cc04da1bd8d022f34128e23"",""cheqId"":"""",""countryCode"":""US"",""deviceType"":""mobile"",""endpoint"":""search.serp"",""hasGoogleAds"":false,""page_id"":""tnyLJ5AS1kVjaiUl"",""queryCategory"":""web"",""segment"":""startpage.udog"",""session_id"":""jnKlIOwzaqonEKTX"",""surface"":""serp-web"",""transport"":""href-request""}",Poor Website,,,,,,Official Website Found,,9826011330,,,,45,Medium,Business has some public contact information and moderate opportunity for digital improvement.,Website exists but digital quality is weak; Official website presence found; Phone number is available for outreach; Email address not available,OpenStreetMap,Completed,2026-06-27
Indore Path Lab,laboratory,Laboratory listed on OpenStreetMap,"Sch 78,Nayi sadak","https://www.google.com/maps/search/?api=1&query=22.7686595,75.8908296",https://www.openstreetmap.org/node/6187530751,https://www.chamberofcommerce.com/business-directory/iowa/council-bluffs/medical-clinic/2011525217-chi-health-mercy-council-bluffs,Poor Website,,,,,,Official Website Found,,7756077479,,,,45,Medium,Business has some public contact information and moderate opportunity for digital improvement.,Website exists but digital quality is weak; Official website presence found; Phone number is available for outreach; Email address not available,OpenStreetMap,Completed,2026-06-27
Sankalp Physiotherapy Clinic,clinic,Clinic listed on OpenStreetMap,"EC 16, Scheme No 94, Bombay Hospital Square, Indore","https://www.google.com/maps/search/?api=1&query=22.7531557,75.9043315",https://www.openstreetmap.org/node/6187534264,https://providers.chihealth.com/l/chi-health-clinic-heart-institute-mercy-council-bluffs-1585,Poor Website,,,,,,Official Website Found,,9977194405,,,https://www.linkedin.com/company/chi-health,45,Medium,Business has some public contact information and moderate opportunity for digital improvement.,Website exists but digital quality is weak; Official website presence found; Phone number is available for outreach; Email address not available,OpenStreetMap,Completed,2026-06-27
Dr Pawar Clinic,clinic,Clinic listed on OpenStreetMap,"7, New Anjani Nagar, Near Bhamori Bridge, Indore","https://www.google.com/maps/search/?api=1&query=22.7458770,75.8863489",https://www.openstreetmap.org/node/6187559822,"/clev?event=StartpageResultClick&sc=1tzfoDyGcGTYSOiltmH4oPiE82rzS94p0PXNTDC5uyBOqdkM7ZGzt8A5RJouhJ2O3Sl5gkcvDOukdxsp&payload={""bdsSessionId"":""bd813ee6e1834adbac762caeb547e8cf"",""cheqId"":"""",""countryCode"":""US"",""deviceType"":""mobile"",""endpoint"":""search.serp"",""hasGoogleAds"":true,""page_id"":""17k9amZR0vCIOdOJD"",""queryCategory"":""web"",""segment"":""startpage.udog"",""session_id"":""jrxLLmkyjCWPBejI"",""surface"":""serp-web"",""transport"":""href-request""}",Poor Website,,,,,,Official Website Found,,9131050468,,,,45,Medium,Business has some public contact information and moderate opportunity for digital improvement.,Website exists but digital quality is weak; Official website presence found; Phone number is available for outreach; Email address not available,OpenStreetMap,Completed,2026-06-27
Rhythmic Power Yoga,hospital,Hospital listed on OpenStreetMap,"B-104, Rajat Jayanti Complex, Vijay Nagar, Indore","https://www.google.com/maps/search/?api=1&query=22.7558514,75.8872300",https://www.openstreetmap.org/node/6187557090,"/clev?event=StartpageResultClick&sc=5mZRtno4HQFnOy24R8ZC9XkHMEjrXtpMmTAL0GWZU1oWrn1oIym5qKcanU0O0z8T6BTNgcx1OWgIB&payload={""bdsSessionId"":""b5f8b34edd804ccbb4f9b4a7036c1e9f"",""cheqId"":"""",""countryCode"":""US"",""deviceType"":""desktop"",""endpoint"":""search.serp"",""hasGoogleAds"":true,""page_id"":""yj1NrQ4eK1p7bFiP"",""queryCategory"":""web"",""segment"":""startpage.udog"",""session_id"":""WH0OWuLHmj32Tos6"",""surface"":""serp-web"",""transport"":""href-request""}",Poor Website,,,,,,Official Website Found,,9707904001,,,,45,Medium,Business has some public contact information and moderate opportunity for digital improvement.,Website exists but digital quality is weak; Official website presence found; Phone number is available for outreach; Email address not available,OpenStreetMap,Completed,2026-06-27
डॉक्टर जितेंद्र गुप्ता,doctors,Doctors listed on OpenStreetMap,Indore,"https://www.google.com/maps/search/?api=1&query=22.7574326,75.8850750",https://www.openstreetmap.org/node/6189270338,"/clev?event=StartpageResultClick&sc=maXqNizpmK1RbyMMDUVAfuIZW4B510nSbS84GFaSUrzjc14wyM9LF1BobmDjjqlX30IXshIH0RTvzL&payload={""bdsSessionId"":""2e15811abe2049ad8830229e04fc8bdf"",""cheqId"":"""",""countryCode"":""US"",""deviceType"":""desktop"",""endpoint"":""search.serp"",""hasGoogleAds"":true,""page_id"":""127ulxLLCP22A5J6e"",""queryCategory"":""web"",""segment"":""startpage.opera"",""session_id"":""HyfkTEbIeyNxcaCz"",""surface"":""serp-web"",""transport"":""href-request""}",Poor Website,,,,,,Official Website Found,,8878329155,,,,45,Medium,Business has some public contact information and moderate opportunity for digital improvement.,Website exists but digital quality is weak; Official website presence found; Phone number is available for outreach; Email address not available,OpenStreetMap,Completed,2026-06-27
Mother Care Nursing Home,hospital,Hospital listed on OpenStreetMap,"20-DH, Scheme No. 74, Vijay Nagar, Indore","https://www.google.com/maps/search/?api=1&query=22.7585123,75.8859229",https://www.openstreetmap.org/node/6188049620,https://www.allcarehealthcenter.org/,Poor Website,,,,,,Official Website Found,,7312550220,,,https://www.linkedin.com/company/all-care-health-center,45,Medium,Business has some public contact information and moderate opportunity for digital improvement.,Website exists but digital quality is weak; Official website presence found; Phone number is available for outreach; Email address not available,OpenStreetMap,Completed,2026-06-27
Star diagnosis centre,clinic,Clinic listed on OpenStreetMap,"Scheme No. 54, Vijay Nagar, indore","https://www.google.com/maps/search/?api=1&query=22.7573989,75.8852314",https://www.openstreetmap.org/node/6187914691,https://www.latlong.net/poi/star-diagnosis-centre-396377,Poor Website,,,,,,Official Website Found,,9074490000,,,,45,Medium,Business has some public contact information and moderate opportunity for digital improvement.,Website exists but digital quality is weak; Official website presence found; Phone number is available for outreach; Email address not available,OpenStreetMap,Completed,2026-06-27
ओपीडी एनेक्स,clinic,Clinic listed on OpenStreetMap,Indore,"https://www.google.com/maps/search/?api=1&query=22.7578227,75.8845130",https://www.openstreetmap.org/node/6187914690,https://www.apollohospitals.com/indore,Poor Website,,,,,,Official Website Found,,9826066765,,,,45,Medium,Business has some public contact information and moderate opportunity for digital improvement.,Website exists but digital quality is weak; Official website presence found; Phone number is available for outreach; Email address not available,OpenStreetMap,Completed,2026-06-27
Greater Kailash Hospital,hospital,Hospital listed on OpenStreetMap,Indore,"https://www.google.com/maps/search/?api=1&query=22.7250815,75.8904652",https://www.openstreetmap.org/node/1802056893,https://www.gkh.co.in/,Poor Website,,,,,,Official Website Found,https://www.medindia.net/directories/hospitals/greater-kailash-hospital-indore-madhya-pradesh-65341.htm | https://www.practo.com/indore/hospital/greater-kailash-hospital-old-palasia-1 | https://www.practo.com/indore/hospital/gk-clinic-greater-kailash-hospital-old-palasia,,,,,30,Low,Business already has stronger digital presence or limited available outreach information.,Website exists but digital quality is weak; Official website presence found; Phone number not available; Email address not available; Business appears on third-party platforms,OpenStreetMap,Completed,2026-06-27
kjd,hospital,Hospital listed on OpenStreetMap,Indore,"https://www.google.com/maps/search/?api=1&query=22.8197524,75.9431528",https://www.openstreetmap.org/node/6183215260,https://www.stanzaliving.com/coliving-pg-paying-guest-for-working-professionals-near-kjd-md4505-indore-slng1i3c15cga,Poor Website,,,,,,Official Website Found,https://www.youtube.com/watch?v=KJD3OIwSs2U | https://www.youtube.com/watch?v=_8KJD-Vps_E,,,,,30,Low,Business already has stronger digital presence or limited available outreach information.,Website exists but digital quality is weak; Official website presence found; Phone number not available; Email address not available; Business appears on third-party platforms,OpenStreetMap,Completed,2026-06-27
Qurban Husain,doctors,Doctors listed on OpenStreetMap,Indore,"https://www.google.com/maps/search/?api=1&query=22.7167406,75.8637897",https://www.openstreetmap.org/node/3360065915,https://indushospital.org.pk/,Poor Website,,,,,,Official Website Found,https://en.wikipedia.org/wiki/Indus_Hospital_and_Health_Network,,crd@tih.org.pk,Blood Transfusion Services Directorate,https://www.linkedin.com/company/the-indus-hospital/,30,Low,Business already has stronger digital presence or limited available outreach information.,Website exists but digital quality is weak; Official website presence found; Phone number not available; Email address not available; Business appears on third-party platforms,OpenStreetMap,Completed,2026-06-27
Shri Aurobindo dental clinic and institute of medical science,clinic,Clinic listed on OpenStreetMap,Ujjain Road,"https://www.google.com/maps/search/?api=1&query=22.7915227,75.8456355",https://www.openstreetmap.org/node/4273145396,https://hospital.sriaurobindouniversity.edu.in/,Poor Website,,,,,,Official Website Found,https://www.medindia.net/directories/hospitals/sri-aurobindo-institute-of-medical-sciences-hospital-indore-madhya-pradesh-41479.htm,6232007712,,,,30,Low,Business already has stronger digital presence or limited available outreach information.,Website exists but digital quality is weak; Official website presence found; Phone number not available; Email address not available; Business appears on third-party platforms,OpenStreetMap,Completed,2026-06-27
Curewell hospital janjeerwala square,hospital,Hospital listed on OpenStreetMap,Indore,"https://www.google.com/maps/search/?api=1&query=22.7266640,75.8819643",https://www.openstreetmap.org/node/5718306821,https://www.hexahealth.com/indore/hospital/curewell-hospital,Poor Website,,,,,,Official Website Found,https://www.medindia.net/directories/hospitals/curewell-hospital-pvt-ltd-indore-madhya-pradesh-85166.htm | https://t.justdial.com/Indore/Curewell-Hospital-Pvt-Ltd-Near-Janjeerwala-Circle-Near-Janjeer-Wala-Chouraha-New-Palasia/0731P731STDF004932_BZDET | https://www.practo.com/Indore/clinic/curewell-hospital-3-new-palasia-2,,,,,30,Low,Business already has stronger digital presence or limited available outreach information.,Website exists but digital quality is weak; Official website presence found; Phone number not available; Email address not available; Business appears on third-party platforms,OpenStreetMap,Completed,2026-06-27
अमित चाइल्ड केअर क्लिनिक,doctors,Doctors listed on OpenStreetMap,Indore,"https://www.google.com/maps/search/?api=1&query=22.7533013,75.8878778",https://www.openstreetmap.org/node/6187533162,https://indore.nic.in/en/public-utility-category/private-hospital/,Poor Website,,,,,,Official Website Found,https://www.medindia.net/directories/hospitals/madhya-pradesh/indore/index.htm | https://www.practo.com/indore/clinics | https://dir.indiamart.com/indore/child-medical-treatment-service.html,0731-2483311,,Blocks Police Constituency Demography,,30,Low,Business already has stronger digital presence or limited available outreach information.,Website exists but digital quality is weak; Official website presence found; Phone number not available; Email address not available; Business appears on third-party platforms,OpenStreetMap,Completed,2026-06-27
"Dr. Bhavna Soni, Dr. Harish Soni",clinic,Clinic listed on OpenStreetMap,"8, Bhamori Plaza, Bhamori, Indore","https://www.google.com/maps/search/?api=1&query=22.7471707,75.8883592",https://www.openstreetmap.org/node/6188005638,https://www.latlong.net/poi/dr-bhavna-soni-dr-harish-soni-396379,Poor Website,,,,,,Official Website Found,https://www.practo.com/,,,,,30,Low,Business already has stronger digital presence or limited available outreach information.,Website exists but digital quality is weak; Official website presence found; Phone number not available; Email address not available; Business appears on third-party platforms,OpenStreetMap,Completed,2026-06-27
Aditya Nursing Home,clinic,Hospital,452009,"https://www.google.com/maps/search/?api=1&query=22.6977953,75.8337942",https://www.openstreetmap.org/node/4691762672,https://www.hexahealth.com/indore/hospital/aditya-hospital-aditya-lifeline-usha-nagar,Poor Website,,,,,,Official Website Found,https://www.justdial.com/Delhi/Aditya-Hospital/nct-15635551 | https://in.linkedin.com/company/aditya-hospital-aditya-lifeline-pvt-ltd,,,,,30,Low,Business already has stronger digital presence or limited available outreach information.,Website exists but digital quality is weak; Official website presence found; Phone number not available; Email address not available; Business appears on third-party platforms,OpenStreetMap,Completed,2026-06-27
Dr. Seema Bajpai,clinic,Clinic listed on OpenStreetMap,"51, Ganga Devi Nagar, Indore","https://www.google.com/maps/search/?api=1&query=22.7507994,75.9000859",https://www.openstreetmap.org/node/6187445419,https://providers.chihealth.com/l/chi-health-clinic-heart-institute-mercy-council-bluffs-1585,Poor Website,,,,,,Official Website Found,,,,,https://www.linkedin.com/company/chi-health,25,Low,Business already has stronger digital presence or limited available outreach information.,Website exists but digital quality is weak; Official website presence found; Phone number not available; Email address not available,OpenStreetMap,Completed,2026-06-27
Dr. Meghna Laghate Kelkar,clinic,Clinic listed on OpenStreetMap,"Vijay Nagar, Indore","https://www.google.com/maps/search/?api=1&query=22.7530230,75.9049433",https://www.openstreetmap.org/node/6187444667,https://www.latlong.net/poi/dr-meghna-laghate-kelkar-396345,Poor Website,,,,,,Official Website Found,,,,,,25,Low,Business already has stronger digital presence or limited available outreach information.,Website exists but digital quality is weak; Official website presence found; Phone number not available; Email address not available,OpenStreetMap,Completed,2026-06-27
Shubham Hospital,hospital,Hospital listed on OpenStreetMap,"Indore, 452009","https://www.google.com/maps/search/?api=1&query=22.6910407,75.8263785",https://www.openstreetmap.org/node/4634651012,https://indoredilse.com/indore/hospitals/,Poor Website,,,,,,Official Website Found,,+91-98260-86171,indoredilse@gmail.com,Vastu Political Sports Others Business,,25,Low,Business already has stronger digital presence or limited available outreach information.,Website exists but digital quality is weak; Official website presence found; Phone number not available; Email address not available,OpenStreetMap,Completed,2026-06-27
डॉक्टर दीपक सिमलोट,doctors,Doctors listed on OpenStreetMap,Indore,"https://www.google.com/maps/search/?api=1&query=22.7556429,75.8881164",https://www.openstreetmap.org/node/6187565510,https://www.medicoverhospitals.in/,Poor Website,,,,,,Official Website Found,,040 68334455,info@medicoverhospitals.in,,https://www.linkedin.com/company/medicoverhospitals/,25,Low,Business already has stronger digital presence or limited available outreach information.,Website exists but digital quality is weak; Official website presence found; Phone number not available; Email address not available,OpenStreetMap,Completed,2026-06-27
